{"0": 0.03387813961335878, "1": 0.4607517837578504, "2": 0.0847351745268372, "3": 0.20736285308005553, "4": 0.3795936843277862}