{
  "0": {
    "cluster": 0.2416165090283749,
    "feat": 0.2077383694150161,
    "discrepancy": 0.03387813961335878
  },
  "1": {
    "cluster": 0.6684901531728665,
    "feat": 0.2077383694150161,
    "discrepancy": 0.4607517837578504
  },
  "2": {
    "cluster": 0.12300319488817892,
    "feat": 0.2077383694150161,
    "discrepancy": 0.0847351745268372
  },
  "3": {
    "cluster": 0.0003755163349605708,
    "feat": 0.2077383694150161,
    "discrepancy": 0.20736285308005553
  },
  "4": {
    "cluster": 0.5873320537428023,
    "feat": 0.2077383694150161,
    "discrepancy": 0.3795936843277862
  }
}