{"0": 0.1852102092147658, "1": 0.13597192283403092, "2": 0.7922616305849839, "3": 0.13836900004564673, "4": 0.0005949639183172317}