{
  "0": {
    "cluster": 0.02252816020025031,
    "feat": 0.2077383694150161,
    "discrepancy": 0.1852102092147658
  },
  "1": {
    "cluster": 0.34371029224904703,
    "feat": 0.2077383694150161,
    "discrepancy": 0.13597192283403092
  },
  "2": {
    "cluster": 1.0,
    "feat": 0.2077383694150161,
    "discrepancy": 0.7922616305849839
  },
  "3": {
    "cluster": 0.06936936936936937,
    "feat": 0.2077383694150161,
    "discrepancy": 0.13836900004564673
  },
  "4": {
    "cluster": 0.20833333333333334,
    "feat": 0.2077383694150161,
    "discrepancy": 0.0005949639183172317
  }
}