{
  "0": [
    [
      "Hours per week",
      0.5922058918078916,
      {
        "72.00000000000001": 2,
        "22.000000000000004": 2,
        "96.0": 1,
        "39.0": 1,
        "75.0952380952381": 5
      }
    ],
    [
      "Relationship",
      0.4730041207353135,
      {
        "5.0": 73,
        "2.0": 13,
        "4.0": 89,
        "1.0": 226,
        "3.0": 33
      }
    ],
    [
      "Marital Status",
      0.46852310327423724,
      {
        "3.0": 14,
        "1.0": 2,
        "6.0": 41,
        "0.0": 145,
        "5.0": 26
      }
    ],
    [
      "Age",
      0.42461990497475843,
      {
        "81.05882352941178": 3,
        "90.0": 1,
        "62.39795918367347": 17,
        "64.54216867469879": 13,
        "76.15384615384617": 7
      }
    ],
    [
      "Occupation",
      0.377202866573223,
      {
        "2.0": 0,
        "9.0": 1,
        "10.0": 150,
        "13.0": 38,
        "12.0": 136
      }
    ],
    [
      "Education",
      0.27316515853800716,
      {
        "13.0": 1,
        "14.0": 18,
        "3.0": 5,
        "10.0": 16,
        "6.0": 20
      }
    ],
    [
      "Education-Num",
      0.27316515853800716,
      {
        "1.0": 1,
        "15.0": 18,
        "2.0": 5,
        "16.0": 16,
        "5.0": 20
      }
    ],
    [
      "Sex",
      0.21930159127475593,
      {
        "0.0": 258,
        "1.0": 905
      }
    ],
    [
      "Capital Gain",
      0.1596806387225548,
      {
        "15831.0": 0,
        "18481.0": 0,
        "34095.0": 0,
        "11678.0": 0,
        "914.0": 0
      }
    ],
    [
      "Workclass",
      0.14286949614231415,
      {
        "3.0": 0,
        "8.0": 1,
        "2.0": 77,
        "1.0": 39,
        "7.0": 38
      }
    ],
    [
      "fnlwgt",
      0.1229894203259596,
      {
        "656051.2000000001": 1,
        "59460.681528662375": 28,
        "602078.1428571428": 1,
        "1141037.5": 0,
        "955387.9999999999": 0
      }
    ],
    [
      "Race",
      0.10507644014834269,
      {
        "0.0": 10,
        "3.0": 8,
        "1.0": 19,
        "2.0": 71,
        "4.0": 1055
      }
    ],
    [
      "Country",
      0.08167988383310106,
      {
        "7.0": 1,
        "21.0": 1,
        "11.0": 4,
        "1.0": 1,
        "18.0": 0
      }
    ],
    [
      "Capital Loss",
      0.06921932311050881,
      {
        "2175.6666666666665": 1,
        "1625.8": 1,
        "1408.0": 1,
        "2386.0": 1,
        "2754.0": 0
      }
    ]
  ],
  "1": [
    [
      "Education",
      1.2562264798798297,
      {
        "13.0": 0,
        "3.0": 1,
        "4.0": 0,
        "2.0": 4,
        "6.0": 3
      }
    ],
    [
      "Education-Num",
      1.2562264798798297,
      {
        "1.0": 0,
        "2.0": 1,
        "3.0": 0,
        "8.0": 4,
        "5.0": 3
      }
    ],
    [
      "Relationship",
      0.8574885240459997,
      {
        "5.0": 58,
        "2.0": 3,
        "4.0": 3,
        "3.0": 15,
        "1.0": 87
      }
    ],
    [
      "Marital Status",
      0.8511557931099591,
      {
        "1.0": 0,
        "3.0": 2,
        "5.0": 3,
        "6.0": 0,
        "0.0": 11
      }
    ],
    [
      "Occupation",
      0.8190083391540435,
      {
        "2.0": 0,
        "9.0": 0,
        "11.0": 13,
        "13.0": 31,
        "12.0": 114
      }
    ],
    [
      "Sex",
      0.5054324947143249,
      {
        "0.0": 72,
        "1.0": 842
      }
    ],
    [
      "Age",
      0.4392726077889668,
      {
        "29.999999999999993": 25,
        "60.50427350427352": 16,
        "81.05882352941178": 3,
        "90.0": 0,
        "66.38095238095237": 10
      }
    ],
    [
      "Hours per week",
      0.436511592200215,
      {
        "5.607142857142868": 4,
        "90.0": 1,
        "43.0": 4,
        "39.0": 1,
        "98.89473684210526": 3
      }
    ],
    [
      "Workclass",
      0.25584212823301383,
      {
        "3.0": 0,
        "8.0": 0,
        "1.0": 32,
        "2.0": 71,
        "7.0": 58
      }
    ],
    [
      "Capital Loss",
      0.19153109367865848,
      {
        "2754.0": 0,
        "2129.0": 0,
        "419.0": 0,
        "1380.0": 0,
        "2603.0": 0
      }
    ],
    [
      "Capital Gain",
      0.1596806387225548,
      {
        "15831.0": 0,
        "18481.0": 0,
        "34095.0": 0,
        "11678.0": 0,
        "914.0": 0
      }
    ],
    [
      "Race",
      0.15084256667610746,
      {
        "3.0": 4,
        "0.0": 1,
        "1.0": 38,
        "2.0": 33,
        "4.0": 838
      }
    ],
    [
      "fnlwgt",
      0.1456880885594574,
      {
        "656051.2000000001": 1,
        "548833.8076923079": 4,
        "955387.9999999999": 0,
        "174054.0509915014": 50,
        "421073.70212765946": 6
      }
    ],
    [
      "Country",
      0.08707782213724366,
      {
        "36.0": 1,
        "31.0": 1,
        "29.0": 1,
        "27.0": 1,
        "18.0": 0
      }
    ]
  ],
  "2": [
    [
      "Marital Status",
      0.7011020966177746,
      {
        "3.0": 16,
        "1.0": 0,
        "6.0": 27,
        "5.0": 24,
        "0.0": 119
      }
    ],
    [
      "Relationship",
      0.6832692442590856,
      {
        "2.0": 24,
        "4.0": 68,
        "5.0": 127,
        "3.0": 24,
        "1.0": 141
      }
    ],
    [
      "Hours per week",
      0.37027689521424095,
      {
        "75.0952380952381": 4,
        "17.857142857142865": 4,
        "16.00000000000001": 7,
        "52.15151515151516": 6,
        "3.461538461538474": 2
      }
    ],
    [
      "Occupation",
      0.353282376019649,
      {
        "2.0": 1,
        "9.0": 6,
        "6.0": 57,
        "13.0": 27,
        "0.0": 79
      }
    ],
    [
      "Education",
      0.28377626658700295,
      {
        "13.0": 2,
        "7.0": 45,
        "6.0": 22,
        "8.0": 58,
        "3.0": 15
      }
    ],
    [
      "Education-Num",
      0.28377626658700295,
      {
        "1.0": 2,
        "12.0": 45,
        "5.0": 22,
        "11.0": 58,
        "2.0": 15
      }
    ],
    [
      "Age",
      0.2697527039800958,
      {
        "28.999999999999993": 30,
        "38.0": 32,
        "32.000000000000014": 33,
        "66.38095238095237": 13,
        "76.15384615384617": 4
      }
    ],
    [
      "Sex",
      0.2396590451439221,
      {
        "0.0": 265,
        "1.0": 987
      }
    ],
    [
      "Capital Gain",
      0.1596806387225548,
      {
        "15831.0": 0,
        "18481.0": 0,
        "34095.0": 0,
        "11678.0": 0,
        "914.0": 0
      }
    ],
    [
      "fnlwgt",
      0.10710429718101273,
      {
        "656051.2000000001": 1,
        "155456.23004694842": 41,
        "331556.55102040793": 19,
        "97847.07053941913": 47,
        "442416.7142857143": 5
      }
    ],
    [
      "Country",
      0.08360496995686678,
      {
        "1.0": 1,
        "6.0": 1,
        "21.0": 1,
        "18.0": 0,
        "15.0": 0
      }
    ],
    [
      "Workclass",
      0.05597455862421136,
      {
        "3.0": 0,
        "8.0": 1,
        "7.0": 49,
        "1.0": 35,
        "0.0": 79
      }
    ],
    [
      "Capital Loss",
      0.04273635084218392,
      {
        "2259.7999999999997": 1,
        "1408.0": 1,
        "1847.6": 2,
        "2175.6666666666665": 1,
        "2129.0": 0
      }
    ],
    [
      "Race",
      0.01373904930370278,
      {
        "1.0": 36,
        "0.0": 13,
        "4.0": 1067,
        "2.0": 117,
        "3.0": 19
      }
    ]
  ],
  "3": [
    [
      "Marital Status",
      0.897304959681146,
      {
        "1.0": 2,
        "3.0": 48,
        "6.0": 132,
        "5.0": 158,
        "0.0": 528
      }
    ],
    [
      "Relationship",
      0.8941711020317608,
      {
        "2.0": 164,
        "5.0": 14,
        "4.0": 510,
        "1.0": 1088,
        "3.0": 885
      }
    ],
    [
      "Age",
      0.4798840459985313,
      {
        "90.0": 2,