{
  "0": [
    [
      "Education",
      1.7368340242591744,
      {
        "13.0": 4,
        "10.0": 0,
        "14.0": 0,
        "3.0": 31,
        "7.0": 0
      }
    ],
    [
      "Education-Num",
      1.7368340242591744,
      {
        "1.0": 4,
        "16.0": 0,
        "15.0": 0,
        "2.0": 31,
        "12.0": 0
      }
    ],
    [
      "Occupation",
      0.7236002626498231,
      {
        "2.0": 0,
        "9.0": 10,
        "11.0": 7,
        "13.0": 4,
        "14.0": 60
      }
    ],
    [
      "Age",
      0.485202311272324,
      {
        "90.0": 1,
        "49.500000000000014": 28,
        "23.00000000000003": 23,
        "32.000000000000014": 19,
        "76.15384615384617": 5
      }
    ],
    [
      "Hours per week",
      0.299114488842667,
      {
        "39.0": 1,
        "90.0": 1,
        "37.0": 3,
        "1.5384615384615472": 2,
        "96.0": 0
      }
    ],
    [
      "Country",
      0.22466667704352528,
      {
        "19.0": 2,
        "18.0": 0,
        "15.0": 0,
        "31.0": 1,
        "35.0": 2
      }
    ],
    [
      "Marital Status",
      0.2006242641317922,
      {
        "1.0": 0,
        "5.0": 34,
        "3.0": 17,
        "6.0": 47,
        "0.0": 76
      }
    ],
    [
      "fnlwgt",
      0.19719182987639816,
      {
        "401218.3561643833": 9,
        "1141037.5": 0,
        "717484.5000000001": 1,
        "955387.9999999999": 0,
        "136834.9807692307": 26
      }
    ],
    [
      "Workclass",
      0.19434588030062916,
      {
        "8.0": 1,
        "6.0": 60,
        "3.0": 1,
        "5.0": 10,
        "1.0": 6
      }
    ],
    [
      "Relationship",
      0.18403704769146598,
      {
        "4.0": 79,
        "1.0": 195,
        "5.0": 21,
        "2.0": 51,
        "0.0": 284
      }
    ],
    [
      "Race",
      0.09641946491151714,
      {
        "0.0": 14,
        "3.0": 16,
        "1.0": 11,
        "2.0": 102,
        "4.0": 656
      }
    ],
    [
      "Capital Gain",
      0.09494326068187102,
      {
        "2945.5": 1,
        "4429.750000000001": 2,
        "15831.0": 0,
        "34095.0": 0,
        "11678.0": 0
      }
    ],
    [
      "Sex",
      0.09226833711031779,
      {
        "0.0": 228,
        "1.0": 571
      }
    ],
    [
      "Capital Loss",
      0.0630720843861522,
      {
        "1575.6666666666665": 1,
        "2754.0": 0,
        "419.0": 0,
        "1380.0": 0,
        "2603.0": 0
      }
    ]
  ],
  "1": [
    [
      "Relationship",
      0.5976706541954699,
      {
        "1.0": 808,
        "2.0": 21,
        "5.0": 0,
        "4.0": 60,
        "3.0": 45
      }
    ],
    [
      "Sex",
      0.5486234061053926,
      {
        "0.0": 180,
        "1.0": 2968
      }
    ],
    [
      "Marital Status",
      0.5145406577130168,
      {
        "1.0": 2,
        "3.0": 21,
        "0.0": 457,
        "5.0": 32,
        "6.0": 12
      }
    ],
    [
      "Age",
      0.30950873153507275,
      {
        "76.15384615384617": 13,
        "29.999999999999993": 85,
        "90.0": 5,
        "81.05882352941178": 7,
        "32.000000000000014": 83
      }
    ],
    [
      "Occupation",
      0.3052429985108467,
      {
        "2.0": 0,
        "13.0": 89,
        "9.0": 2,
        "7.0": 178,
        "5.0": 122
      }
    ],
    [
      "Hours per week",
      0.27029998257809473,
      {
        "43.0": 13,
        "39.0": 4,
        "67.75": 3,
        "56.00000000000001": 7,
        "57.53333333333334": 9
      }
    ],
    [
      "Education",
      0.2612600036950828,
      {
        "13.0": 0,
        "7.0": 116,
        "10.0": 47,
        "15.0": 724,
        "3.0": 0
      }
    ],
    [
      "Education-Num",
      0.2612600036950828,
      {
        "1.0": 0,
        "12.0": 116,
        "16.0": 47,
        "10.0": 724,
        "2.0": 0
      }
    ],
    [
      "Country",
      0.14012362334269973,
      {
        "28.0": 2,
        "21.0": 3,
        "38.0": 1,
        "18.0": 0,
        "15.0": 0
      }
    ],
    [
      "Race",
      0.1300660335081962,
      {
        "3.0": 17,
        "0.0": 17,
        "1.0": 48,
        "2.0": 171,
        "4.0": 2895
      }
    ],
    [
      "Workclass",
      0.10966191944134401,
      {
        "3.0": 0,
        "1.0": 94,
        "2.0": 196,
        "8.0": 0,
        "7.0": 140
      }
    ],
    [
      "fnlwgt",
      0.07628307064884991,
      {
        "164970.98281786946": 141,
        "210199.3925925926": 130,
        "770129.0": 3,
        "656051.2000000001": 3,
        "421073.70212765946": 22
      }
    ],
    [
      "Capital Gain",
      0.06455771869417262,
      {
        "3448.0714285714284": 7,
        "3906.6923076923076": 6,
        "13550.0": 2,
        "3709.666666666666": 1,
        "25198.666666666664": 1
      }
    ],
    [
      "Capital Loss",
      0.04547741580664298,
      {
        "2559.0": 1,
        "625.0": 1,
        "2754.0": 0,
        "2129.0": 0,
        "4356.0": 0
      }
    ]
  ],
  "2": [
    [
      "Capital Gain",
      1.9895593428527574,
      {
        "15831.0": 0,
        "18481.0": 0,
        "34095.0": 0,
        "11678.0": 0,
        "914.0": 0
      }
    ],
    [
      "Education",
      1.1697239006150595,
      {
        "13.0": 0,
        "0.0": 1,
        "3.0": 0,
        "4.0": 0,
        "6.0": 0
      }
    ],
    [
      "Education-Num",
      1.1697239006150595,
      {
        "1.0": 0,
        "6.0": 1,
        "2.0": 0,
        "3.0": 0,
        "5.0": 0
      }
    ],
    [
      "Occupation",
      1.0996107332845622,
      {
        "2.0": 0,
        "13.0": 1,
        "9.0": 0,
        "6.0": 1,
        "11.0": 0
      }
    ],
    [
      "Age",
      1.0434515584216182,
      {
        "34.000000000000014": 1,
        "90.0": 0,
        "81.05882352941178": 0,
        "33.00000000000002": 1,
        "32.000000000000014": 1
      }
    ],
    [
      "Hours per week",
      0.888946089721011,
      {
        "67.75": 0,
        "96.0": 0,
        "90.0": 0,
        "39.0": 0,
        "22.000000000000004": 0
      }
    ],
    [
      "fnlwgt",
      0.7761851861887087,
      {
        "1141037.5": 0,
        "955387.9999999999": 0,
        "244637.78974358964": 1,
        "770129.0": 0,
        "656051.2000000001": 0
      }
    ],
    [
      "Relationship",
      0.6820476693671481,
      {
        "2.0": 0,
        "5.0": 3,
        "1.0": 7,
        "4.0": 0,
        "3.0": 0
      }
    ],
    [
      "Marital Status",
      0.6691503870087878,
      {
        "1.0": 0,
        "3.0": 0,
        "0.0": 4,
        "6.0": 0,
        "5.0": 0
      }
    ],
    [
      "Sex",
      0.4276876112029335,
      {
        "0.0": 4,
        "1.0": 30
      }
    ],
    [
      "Workclass",
      0.3126145898248751,
      {
        "3.0": 0,
        "1.0": 1,
        "8.0": 0,
        "2.0": 2,
        "6.0": 3
      }
    ],
    [
      "Race",
      0.21587594042683855,
      {
        "0.0": 0,
        "3.0": 1,
        "4.0": 30,
        "1.0": 3,
        "2.0": 0
      }
    ],
    [
      "Country",
      0.19445272351225146,
      {
        "18.0": 0,
        "15.0": 0,
        "17.0": 0,
        "41.0": 0,
        "38.0": 0
      }
    ],
    [
      "Capital Loss",
      0.08905266390296332,
      {
        "2754.0": 0,
        "2129.0": 0,
        "419.0": 0,
        "1380.0": 0,
        "2603.0": 0
      }
    ]
  ],
  "3": [
    [
      "Sex",
      0.8208020549337914,
      {
        "0.0": 1647,
        "1.0": 573
      }
    ],
    [
      "Relationship",
      0.8107066532216234,
      {
        "1.0": 570,
        "2.0": 116,
        "5.0": 269,
        "4.0": 531,
        "3.0": 733
      }
    ],
    [
      "Marital Status",
      0.6578236458475979,
      {
        "1.0": 2,
        "3.0": 30,
        "0.0": 304,
        "5.0": 143,