{
  "0": {
    "cluster": 0.7566638005159071,
    "whole": 0.8627360663288807,
    "discrepancy": 0.10607226581297358
  },
  "1": {
    "cluster": 0.7100656455142232,
    "whole": 0.8627360663288807,
    "discrepancy": 0.15267042081465743
  },
  "2": {
    "cluster": 0.7899361022364217,
    "whole": 0.8627360663288807,
    "discrepancy": 0.07279996409245892
  },
  "3": {
    "cluster": 0.984228313931656,
    "whole": 0.8627360663288807,
    "discrepancy": 0.12149224760277533
  },
  "4": {
    "cluster": 0.9213051823416507,
    "whole": 0.8627360663288807,
    "discrepancy": 0.05856911601277004
  }
}