{"0": 0.013208981204203107, "1": 0.020285300464548017, "2": 0.012895810737826308, "3": 0.003554691939094745, "4": 0.0105844710991424}