{"0": 0.007917543174938202, "1": 0.0002837156300242727, "2": 0.07844040425935461, "3": 0.005528859121673446, "4": 0.005853677260862944}