{
  "0": {
    "cluster": 0.9486858573216521,
    "whole": 0.8627360663288807,
    "discrepancy": 0.08594979099277145
  },
  "1": {
    "cluster": 0.7804955527318933,
    "whole": 0.8627360663288807,
    "discrepancy": 0.08224051359698736
  },
  "2": {
    "cluster": 1.0,
    "whole": 0.8627360663288807,
    "discrepancy": 0.13726393367111933
  },
  "3": {
    "cluster": 0.94009009009009,
    "whole": 0.8627360663288807,
    "discrepancy": 0.07735402376120937
  },
  "4": {
    "cluster": 0.907051282051282,
    "whole": 0.8627360663288807,
    "discrepancy": 0.04431521572240138
  }
}